{"cameraMode":{"drawMode":0,"name":"Shaded","section":"Shading Mode"},"sceneLighting":true,"audioPlay":false,"sceneViewState":{"showFog":true,"showMaterialUpdate":false,"showSkybox":true,"showFlares":true,"showImageEffects":true,"showParticleSystems":true,"showVisualEffectGraphs":true,"m_FxEnabled":true},"in2DMode":false,"pivot":{"x":5.647733211517334,"y":-17.108957290649415,"z":14.447093963623047},"rotation":{"x":-0.34692591428756716,"y":-0.14492066204547883,"z":0.05435112863779068,"w":-0.9250295758247376},"size":16.783010482788087,"orthographic":false}